N Items,Accuracy,Mean,Var,Std


5,0.81,45.1978021978022,31.279555609225934,5.592812853048628

5,0.74,44.45348837209303,51.7362087614927,7.192788663758494

5,0.81,45.70454545454545,25.59452479338843,5.059103160975118

5,0.87,45.97826086956522,22.803875236294893,4.775340326751057

5,0.77,44.1,57.02333333333332,7.551379564909535

5,0.9,46.0625,15.850260416666666,3.981238553097097

5,0.77,44.7093023255814,55.834099513250386,7.472221859209641

5,0.71,44.7037037037037,43.44307270233196,6.5911359189696554

5,0.82,46.35294117647059,13.334256055363323,3.6516100634327486

5,0.8,45.3,32.209999999999994,5.675385449465084

5,0.81,46.05813953488372,20.147782585181183,4.488628140666275

5,0.79,45.35227272727273,32.2054493801653,5.674984526865717

5,0.73,44.71951219512195,46.76279000594884,6.838332399492499

5,0.81,45.168539325842694,44.40979674283551,6.664067582403071

5,0.77,44.82954545454545,38.0732179752066,6.17034990703174

5,0.86,45.74444444444445,34.92358024691358,5.9096176058111896

5,0.79,44.853932584269664,50.866304759500075,7.132061746753184

5,0.74,43.47126436781609,77.05377196459241,8.778027794703798

5,0.8,45.81609195402299,19.46043070418813,4.411397817493694

5,0.77,45.52325581395349,24.15643591130341,4.914919725824971

5,0.79,45.05813953488372,43.450108166576534,6.591669603869458

5,0.76,41.422222222222224,48.19950617283949,6.94258641810381

5,0.74,44.98809523809524,44.868905895691604,6.698425628137675

5,0.86,45.505376344086024,35.841368944386645,5.986766150801837

5,0.82,42.18681318681319,34.943122811254675,5.91127082878586

5,0.86,46.0,22.197802197802197,4.711454361213976

5,0.81,45.37777777777778,31.679506172839506,5.628455043157003

5,0.74,44.63529411764706,43.431695501730104,6.590272794181597

5,0.78,44.8,42.982222222222234,6.556082841317842

5,0.74,43.42045454545455,77.92549070247934,8.827541600155694

5,0.84,45.81111111111111,25.486543209876533,5.048419872581571

5,0.81,45.15555555555556,42.198024691358015,6.496000668977645

5,0.79,45.02272727272727,40.1585743801653,6.337079325696129

5,0.86,45.774193548387096,21.5511619840444,4.642322908204943

5,0.74,43.07692307692308,81.19188503803888,9.010653973937679

5,0.83,45.853932584269664,21.72023734376973,4.660497542513002

5,0.8,46.345238095238095,13.868905895691611,3.72409799759507

5,0.86,46.0989010989011,22.045163627581207,4.695227750341958

5,0.77,45.83132530120482,27.104078966468286,5.206157793081985

5,0.02,41.7032967032967,48.95592319768144,6.996850948654076

5,0.8,45.50574712643678,32.52582903950323,5.703142032204987

5,0.78,45.17977528089887,33.92273702815301,5.824322881516186

5,0.79,45.811764705882354,25.870449826989613,5.086300210073095

5,0.88,46.119565217391305,17.43135633270322,4.175087583836203

5,0.81,45.75581395348837,27.649675500270405,5.258295874165927

5,0.82,44.95652173913044,40.73724007561436,6.382573154740521

5,0.8,44.359550561797754,66.97184698901654,8.183632872326113

5,0.83,45.53260869565217,25.205458412098302,5.02050380062582

5,0.67,44.0625,56.90859375,7.5437784796479805

5,0.77,43.95505617977528,65.41371039010227,8.087874281299275

5,0.89,46.212765957446805,14.124943413309191,3.7583165664043245

5,0.77,44.175824175824175,63.08996498007487,7.942919172450067

5,0.89,46.41489361702128,8.02999094612947,2.833723865539737

5,0.84,45.97802197802198,16.219297186330152,4.027318858288992

5,0.78,44.839080459770116,49.95111639582505,7.067610373798562

5,0.81,45.825581395348834,24.51608977825852,4.951372514592143

5,0.72,44.38095238095238,51.66439909297051,7.187795148233603

5,0.78,44.38947368421053,37.9640997229917,6.161501417916878

5,0.79,45.2967032967033,23.74713198889022,4.873102911789389

5,0.78,44.72727272727273,51.38016528925619,7.167995904662348

5,0.82,45.148936170212764,31.72249886826618,5.632272975297467

5,0.78,44.89772727272727,45.114540289256205,6.716735835899474

5,0.85,45.41489361702128,29.072544137618824,5.391896154194629

5,0.77,45.1123595505618,32.0098472415099,5.657724563948824

5,0.78,44.24175824175824,57.0844100953991,7.555422562332242

5,0.75,43.88636363636363,64.21435950413223,8.013386269495077

5,0.8,44.869565217391305,40.26559546313798,6.345517745868967

5,0.8,44.60674157303371,65.31725792197956,8.081909299291818

5,0.73,43.455555555555556,70.24802469135804,8.381409469257425

5,0.88,46.31868131868132,16.61272793140925,4.075871432149111

5,0.8,44.95505617977528,43.18899128897866,6.571833175680791

5,0.83,44.97826086956522,41.23865784499054,6.421733243057558

5,0.73,44.03488372093023,58.173201730665234,7.627135879913589

5,0.83,45.03157894736842,33.42005540166205,5.781008164815376

5,0.83,46.04494382022472,20.51483398560788,4.529330412501155

5,0.78,45.45977011494253,27.811599947152875,5.273670443548106

5,0.82,45.06666666666667,40.72888888888889,6.381918903346304

5,0.8,45.44186046511628,35.73499188750676,5.977875198388367

5,0.82,45.81111111111111,18.419876543209874,4.291838364059145

5,0.77,44.38202247191011,58.88776669612421,7.673836504391021

5,0.84,45.29032258064516,34.335067637877216,5.859613266921053

5,0.76,45.411764705882355,25.84221453287198,5.083523830264984

5,0.77,44.50588235294118,65.28525951557097,8.079929425160282

5,0.8,45.18181818181818,41.739669421487605,6.460624538037139

5,0.79,45.29761904761905,47.08999433106576,6.862214972664858

5,0.89,45.861702127659576,25.75746944318696,5.075181715287341

5,0.8,44.58064516129032,48.3080124869927,6.950396570483781

5,0.73,43.65934065934066,63.14768747735781,7.946551923781648

5,0.77,44.065934065934066,65.02861973191644,8.064032473391736

5,0.75,44.92941176470588,43.47737024221453,6.593737198449339

5,0.8,44.47826086956522,51.74952741020793,7.193714437632893

5,0.83,46.348837209302324,13.041103299080582,3.6112467790336042

5,0.69,43.172413793103445,70.87831946095918,8.418926265323813

5,0.76,43.87640449438202,69.00719606110339,8.307057003602623

5,0.83,45.22222222222222,39.928395061728395,6.31889191723742

5,0.76,45.0,38.81395348837209,6.23008454905486

5,0.8,44.651685393258425,53.934856710011374,7.344035451304097

5,0.76,45.71084337349398,26.085063144142836,5.107353829934131

5,0.77,44.73863636363637,46.60214359504132,6.826576271824795

5,0.82,45.065934065934066,43.53411423741095,6.598038665953008

6,0.82,144.69230769230768,332.4767540152155,18.233945102890253
6,0.74,113.32558139534883,249.7544618712817,15.803621796008715
6,0.84,142.0,651.8723404255319,25.531790779840176
6,0.81,144.82022471910113,323.8553212978159,17.99598069841752
6,0.78,141.08988764044943,690.3514707738923,26.274540353237242
6,0.8,142.0212765957447,421.8080579447714,20.537966256296446
6,0.84,146.27777777777777,274.77839506172836,16.576440964867228
6,0.8,143.10227272727272,523.7054493801653,22.884611628344608
6,0.8,143.90217391304347,301.7621691871456,17.371303036535448
6,0.82,142.3548387096774,563.304197016996,23.734030357631973
6,0.77,142.60919540229884,493.6863522261859,22.21905381032653
6,0.83,146.6590909090909,209.58832644628103,14.477165691055726
6,0.77,142.98850574712642,456.86193684766795,21.374328921574776
6,0.73,140.5340909090909,511.70338326446284,22.62086168262524
6,0.84,146.41304347826087,154.11200378071834,12.414185586687447
6,0.88,145.16494845360825,260.2820703581678,16.133259756111528
6,0.75,140.26666666666668,597.3066666666668,24.439858155616754
6,0.02,114.03370786516854,423.4258300719606,20.57731348043181
6,0.76,142.88505747126436,538.009776720835,23.195037760711557
6,0.71,139.4367816091954,600.4758884925353,24.504609535606466
6,0.83,147.9659090909091,85.66929235537191,9.255770759659722
6,0.78,143.98901098901098,257.1097693515275,16.03464278839811
6,0.75,142.45454545454547,566.7024793388429,23.805513633165802
6,0.82,145.0222222222222,279.02172839506176,16.703943498319845
6,0.69,138.79268292682926,828.7009220701966,28.78716592633246
6,0.81,143.04347826086956,403.2372400756143,20.080767915486057
6,0.77,140.4945054945055,588.0741456345852,24.250240114988248
6,0.85,144.50537634408602,434.14244421320393,20.836085146044205
6,0.77,143.44827586206895,385.48870392390006,19.633866250025747
6,0.82,142.9157894736842,442.1192243767311,21.026631313092714
6,0.77,142.632183908046,486.78425155238483,22.063187701517315
6,0.8,144.65934065934067,265.301533631204,16.288079494869983
6,0.78,141.46067415730337,656.9900265118042,25.631816683797584
6,0.71,139.77011494252875,516.8437045844892,22.734196809750927
6,0.78,141.24468085106383,447.4826844726122,21.153786528009878
6,0.74,140.19101123595505,529.9522787526827,23.02069240385012
6,0.74,141.8735632183908,423.2598758092219,20.573280628262037
6,0.86,143.45833333333334,478.3732638888889,21.871745789691523
6,0.86,146.47826086956522,208.1190926275993,14.426333305022427
6,0.78,141.3695652173913,497.2982041587901,22.300183948989975
6,0.71,141.01176470588234,467.6351557093426,21.624873542042796
6,0.77,140.63953488372093,918.765413737155,30.31114339211167
6,0.79,142.52808988764045,520.5413457896731,22.815375205980573
6,0.71,141.9764705882353,485.7406228373701,22.039524106417772
6,0.78,141.95505617977528,548.0429238732482,23.410316611982168
6,0.83,143.7173913043478,454.485349716446,21.318662005774332
6,0.7,142.1219512195122,453.3022010707913,21.290894792628873
6,0.81,143.17391304347825,393.2306238185253,19.830043464867273
6,0.73,140.9655172413793,620.3781212841855,24.907390896763665
6,0.87,144.89361702127658,472.45676776822114,21.736070660729393
6,0.81,145.0,278.65168539325845,16.692863307211812
6,0.83,143.36559139784947,416.81257948895836,20.41598832995744
6,0.8,144.47191011235955,320.38404241888657,17.899274913216082
6,0.78,143.64444444444445,266.85135802469136,16.335585634579843
6,0.83,142.9787234042553,434.5740153915799,20.846438913914767
6,0.81,145.33333333333334,199.7111111111111,14.13191816814374
6,0.81,148.03529411764706,81.51640138408304,9.028643385585845
6,0.82,145.0222222222222,313.42172839506173,17.703720750030534
6,0.81,142.5268817204301,523.5826107064398,22.88192760032336
6,0.81,143.95652173913044,297.2589792060491,17.241200051215955
6,0.79,141.53191489361703,531.0574920778635,23.044684681675804
6,0.81,145.0,333.52272727272725,18.262604613601184
6,0.8,143.79775280898878,390.273702815301,19.755346183129795
6,0.73,141.30588235294118,569.7417301038063,23.869263292020687
6,0.83,143.54347826086956,491.6394139886579,22.172943286552147
6,0.8,144.51685393258427,289.39578336068683,17.011636704347023
6,0.79,145.42528735632183,244.33637204386307,15.631262650338362
6,0.81,142.43010752688173,552.2666204185457,23.500353623265877
6,0.81,143.42391304347825,371.8529064272212,19.283487921722596
6,0.78,141.8901098901099,447.35056152638566,21.15066338265506
6,0.79,145.27586206896552,354.9583828775268,18.84033924528767
6,0.75,143.79761904761904,370.7090419501133,19.253805908186393
6,0.79,143.25274725274724,457.1778770679869,21.381718290820007
6,0.77,142.53932584269663,413.3046332533771,20.329895062527427
6,0.8,141.15217391304347,599.5420604914934,24.48554799246881
6,0.79,142.54945054945054,435.56623596184033,20.87022366822743
6,0.78,144.2093023255814,401.793401838832,20.044784903780634
6,0.83,141.98947368421054,574.5998891966758,23.970813277748334
6,0.82,145.125,376.13210227272725,19.394125457795905
6,0.83,145.77777777777777,240.19506172839505,15.49822769636564
6,0.74,137.2111111111111,877.0554320987657,29.615121679621133
6,0.84,142.14285714285714,469.40816326530626,21.665829392508986
6,0.8,140.80851063829786,630.6229062924401,25.112206320680787
6,0.79,142.35164835164835,469.1950247554644,21.660910062955903
6,0.86,145.29787234042553,297.08148483476685,17.23605189232055
6,0.75,141.94252873563218,483.7323292376802,21.993915732258323
6,0.82,143.35555555555555,512.9846913580247,22.649165356763696
6,0.78,143.37777777777777,366.1239506172839,19.134365696758383
6,0.79,144.3956043956044,246.50283782151917,15.700408842495763
6,0.78,146.0722891566265,277.89838873566566,16.670284602719466
6,0.85,145.8695652173913,265.1351606805293,16.282971494187702
6,0.79,142.82417582417582,397.4196353097453,19.93538651016692
6,0.75,140.15116279069767,814.1283126014058,28.532933823941164
6,0.83,145.63636363636363,340.4814049586776,18.45213822186138
6,0.77,142.77011494252875,479.510371251156,21.897725252892275
6,0.74,140.7093023255814,604.857355327204,24.59384791624125
6,0.8,144.41573033707866,303.4563817699786,17.419999476750238
6,0.87,146.38709677419354,215.93617759278538,14.694767013899384
6,0.78,144.9659090909091,265.6465650826446,16.298667586114043
6,0.76,140.3695652173913,482.6460302457468,21.96920640910242
6,0.74,141.58620689655172,503.4379706698375,22.437423440979973
6,0.87,147.25,226.75271739130434,15.058310575602574
6,0.69,140.29761904761904,543.685232426304,23.31705882881252
6,0.82,142.32978723404256,471.7103893164328,21.71889475356499
6,0.8,142.69565217391303,434.5160680529301,20.845049005769454
6,0.87,148.92045454545453,101.39139979338842,10.069329659584515
6,0.78,142.25842696629215,544.0343390985986,23.32454370611778
6,0.76,144.07142857142858,434.8758503401363,20.853677141936775
6,0.85,148.90804597701148,50.81913066455274,7.128753794637092
6,0.79,145.07954545454547,215.64139979338844,14.68473356221993
6,0.76,145.76190476190476,176.65759637188208,13.291260149883534
6,0.78,142.92307692307693,388.15891800507194,19.701749110296575
6,0.86,145.92391304347825,281.0702977315691,16.765151288657346
6,0.85,147.30337078651687,164.77313470521398,12.836398821523659
6,0.84,145.93478260869566,220.73487712665408,14.8571490241787
6,0.74,135.7311827956989,930.8847265579836,30.510403579074197
6,0.77,142.12087912087912,452.76560801835524,21.278289593347377
6,0.8,143.47826086956522,362.85822306238185,19.048837840203845
6,0.7,136.96629213483146,719.1561671506124,26.817087223459083
6,0.81,145.7865168539326,235.35891932836762,15.341411907916678
6,0.8,140.0,661.1702127659574,25.71323030593312
6,0.78,142.9659090909091,559.7829287190084,23.659732219934536
6,0.78,143.4777777777778,315.1383950617284,17.752137760329834
6,0.74,142.3370786516854,296.2684004544881,17.212448996423724
6,0.75,140.74418604651163,665.7717685235261,25.80255352719041
6,0.85,145.7173913043478,247.15926275992442,15.72129965238003
6,0.68,140.54320987654322,537.704923030026,23.18846530130931
6,0.77,139.8,751.4266666666666,27.41216275062343
6,0.88,146.0,281.72340425531917,16.784618084881146
6,0.82,146.76404494382024,194.62971846989018,13.950975538287285
6,0.75,142.29885057471265,433.4968952305458,20.820588253710454
6,0.82,143.7912087912088,470.2531095278348,21.685320138928887
6,0.83,145.58241758241758,304.6388117377129,17.453905343438553
6,0.8,144.2111111111111,300.1887654320987,17.325956407428098
6,0.76,142.30232558139534,537.0481341265549,23.17429899967969
6,0.83,144.57777777777778,398.3106172839507,19.957720743710958
6,0.83,145.27472527472528,262.30914140804254,16.195960650978456
6,0.83,143.70652173913044,473.46821833648386,21.75932485939037
6,0.82,147.4022988505747,113.78068437045846,10.66680291232844
6,0.76,145.64634146341464,280.66760856632965,16.7531372753383
6,0.84,142.33684210526314,597.3602216066481,24.440953778579267
6,0.8,138.09473684210528,881.4331301939056,29.688939526259702
6,0.76,142.60227272727272,409.98954028925635,20.248198445522416
6,0.81,146.625,204.3252840909091,14.294239542239003
6,0.71,140.38372093023256,522.8876419686317,22.86673658326941
6,0.72,142.6046511627907,343.42509464575454,18.531732100528394
6,0.82,143.49462365591398,443.4327667938489,21.05784335571544
6,0.88,145.2421052631579,316.92033240997233,17.80225638535667
6,0.85,146.87777777777777,193.8183950617284,13.92186751343829
6,0.76,145.10714285714286,265.0242346938775,16.279564941787527
6,0.73,145.88888888888889,340.1234567901234,18.44243630299759
6,0.8,142.32608695652175,490.78497164461237,22.15366722790185
6,0.75,139.0752688172043,654.1341195513929,25.576045815399084
6,0.8,143.68539325842696,406.6650675419772,20.165938300559613
6,0.8,141.76666666666668,661.8677777777776,25.72679105092156
6,0.85,146.24175824175825,336.2492452602343,18.337100241320446
6,0.78,141.93258426966293,635.972983209191,25.218504777428638
6,0.87,147.55434782608697,157.16008979206055,12.53635073664025
6,0.8,144.06666666666666,312.7733333333333,17.685398874024113
6,0.82,145.9777777777778,221.64395061728396,14.887711396224873
6,0.74,140.11363636363637,604.1007231404958,24.57846055269727
6,0.81,141.43478260869566,615.6805293005671,24.812910536665527
6,0.76,144.25882352941176,417.4153633217991,20.4307455400384
6,0.8,141.23655913978496,588.137588160481,24.251548160075902
6,0.77,141.96666666666667,480.4099999999998,21.91825722998979
6,0.87,145.70652173913044,351.4030009451795,18.74574620934519
6,0.82,145.0222222222222,426.1328395061727,20.64298523727062
6,0.7,140.49425287356323,483.03157616594024,21.97797934674478
6,0.8,140.95698924731184,675.3314834084864,25.987140731686633
6,0.8,143.41304347826087,323.43809073724003,17.984384636045796
6,0.76,140.6067415730337,668.4857972478222,25.855092288518758
6,0.84,144.8494623655914,320.3859405711644,17.899327936298736
6,0.7,138.5681818181818,591.6771694214876,24.324415088990065
6,0.8,141.3763440860215,530.922881257949,23.04176384867159
6,0.81,142.0215053763441,582.0210428951324,24.1251122877207
6,0.73,137.2808988764045,894.6289609897739,29.910348727318006
6,0.78,143.89772727272728,349.65999483471063,18.699197705642632
6,0.74,140.17777777777778,559.7683950617285,23.65942507885026
6,0.74,143.51162790697674,319.4591671173608,17.873420688759072
6,0.8,142.25842696629215,615.2702941547781,24.804642592764324
6,0.81,143.56521739130434,371.02835538752356,19.26209633937915
6,0.78,145.3139534883721,268.2386425094646,16.377992627592207
6,0.75,142.91764705882352,452.09910034602063,21.262622141824856
6,0.81,143.48888888888888,455.82765432098756,21.350120709752147
6,0.8,144.5,345.59090909090907,18.59007555366328
6,0.8,141.66315789473686,489.42337950138506,22.12291525774542
6,0.72,139.25581395348837,750.725256895619,27.39936599440978
6,0.72,143.53658536585365,333.37061273051756,18.25843949330056
6,0.78,142.57303370786516,514.7615200100997,22.68835648543322
6,0.83,143.70652173913044,415.8377835538751,20.39210100881896
6,0.74,141.28735632183907,629.4461619764833,25.088765652707654
6,0.78,141.57777777777778,576.9106172839506,24.018963701291334
6,0.82,143.0989010989011,502.858350440768,22.424503348809488
6,0.83,144.3913043478261,394.17296786389426,19.853789760745787
6,0.81,143.0108695652174,406.66292533081287,20.165885185897814
6,0.78,139.80851063829786,634.0697148030783,25.180740950239695
6,0.84,145.51685393258427,372.04746875394517,19.288532052853196
6,0.81,142.45555555555555,626.425802469136,25.02849980460547
6,0.78,141.82022471910113,646.3721752304002,25.42385051935289
6,0.71,134.80434782608697,961.9617202268431,31.015507737692175
7,0.81,103.48913043478261,127.92379489603022,11.310340175964214
7,0.72,101.60493827160494,260.09083981100446,16.12733207356395
7,0.75,101.22093023255815,304.8000270416443,17.458523048690125
7,0.88,101.9578947368421,160.22980609418286,12.658191264717992
7,0.74,100.0919540229885,363.3938433082308,19.062891787665134
7,0.78,103.9047619047619,156.1814058956916,12.497255934631873
7,0.82,104.88235294117646,147.20968858131488,12.132999982746018
7,0.79,101.46666666666667,284.24888888888887,16.85968234839817
7,0.85,104.04347826086956,137.86767485822304,11.741706641635322
7,0.81,104.20689655172414,207.86523979389625,14.417532375337197
7,0.78,102.69318181818181,212.98540805785132,14.59401959906356
7,0.73,102.46987951807229,183.40571926259258,13.542736771516774
7,0.82,100.81318681318682,428.7013645694965,20.705104794941185
7,0.79,100.34831460674157,389.71013760888775,19.741077417630674
7,0.79,102.39772727272727,244.69408574380168,15.642700717708617
7,0.74,101.8433734939759,249.9634199448397,15.810231495611937
7,0.79,101.06976744186046,459.9486208761494,21.44641277407831
7,0.88,104.03191489361703,138.24366229062917,11.757706506399503
7,0.8,99.87096774193549,375.8758237946585,19.387517215844284
7,0.72,98.07692307692308,403.45562130177524,20.08620475106672
7,0.7,98.9080459770115,410.7731536530584,20.26753940795622
7,0.79,101.15555555555555,321.3091358024691,17.925097930066354
7,0.75,104.24691358024691,113.09952751105014,10.634826162709485
7,0.78,100.33333333333333,378.24444444444447,19.44850751200319
7,0.74,98.86666666666666,422.2488888888888,20.548695552002535
7,0.75,100.66279069767442,351.1537317468901,18.739096342857362
7,0.76,98.35483870967742,425.1751647589316,20.61977605986378
7,0.8,104.29885057471265,119.51988373629284,10.932514977638624
7,0.82,103.31111111111112,209.7032098765433,14.481132893408004
7,0.76,103.71951219512195,160.10425342058298,12.653230947887696
7,0.85,102.45161290322581,260.6132500867153,16.143520374649245
7,0.83,102.20652173913044,271.6203922495275,16.480909933906183
7,0.77,101.10989010989012,252.0758362516605,15.876896304116258
7,0.82,101.76666666666667,341.9122222222223,18.49086861729925
7,0.73,98.31818181818181,415.7396694214876,20.389695177257742
7,0.84,102.5578947368421,220.73085872576186,14.857013788973942
7,0.83,101.80434782608695,299.72258979206043,17.312498080637017
7,0.8,102.816091954023,208.70181001453312,14.446515497327828
7,0.8,101.76666666666667,308.7344444444445,17.570840743813157
7,0.84,103.18947368421053,142.8693628808864,11.952797282681841
7,0.75,100.6,403.0399999999999,20.075856146127364
7,0.75,101.73809523809524,289.7885487528344,17.023176811419024
7,0.8,101.24731182795699,273.3689443866343,16.533872637305343
7,0.72,101.17441860465117,327.00446187128165,18.08326469062712
7,0.77,99.29213483146067,487.28544375710135,22.07454288897284
7,0.74,98.94444444444444,430.60802469135797,20.751096951519404
7,0.75,100.72941176470589,364.8091349480969,19.0999773546488
7,0.78,100.3956043956044,337.8215191402004,18.379921630415087
7,0.81,102.37078651685393,240.30071960611036,15.501636029984395
7,0.76,101.10344827586206,351.5180340864053,18.748814204807868
7,0.84,103.45555555555555,215.33691358024686,14.67436245907286
7,0.74,101.94186046511628,192.82220118983238,13.886043395792496
7,0.71,97.89772727272727,460.0009039256198,21.447631662391533
7,0.75,99.37931034482759,441.15497423701976,21.003689538674383
7,0.77,103.37931034482759,150.97106619104238,12.287028371052228
7,0.82,103.6590909090909,157.61105371900828,12.554324104427458
7,0.8,102.52808988764045,213.61999747506633,14.615744848452518
7,0.72,99.51764705882353,417.4496885813151,20.4315855620976
7,0.78,103.25287356321839,181.89007794953105,13.486662965668382
7,0.76,100.27586206896552,375.30321046373365,19.37274400965784
7,0.81,101.02222222222223,381.31061728395065,19.52717637765252
7,0.8,102.14606741573034,275.49551824264614,16.598057664758432
7,0.78,101.0,228.5909090909091,15.11922316426704
7,0.8,101.82022471910112,292.84408534275974,17.112687846821718
7,0.79,101.87777777777778,271.64061728395063,16.48152351222273
7,0.81,102.96666666666667,167.38777777777776,12.937842856433903
7,0.83,102.96739130434783,204.83589319470696,14.312089057671034
7,0.71,100.48809523809524,352.98795351473916,18.78797364046318
7,0.84,102.8695652173913,223.7655954631379,14.958796591408612
7,0.77,102.64367816091954,239.33280486193692,15.470384767740489
7,0.69,100.86075949367088,304.1704854991187,17.44048409589363
7,0.74,99.82558139534883,422.9579502433749,20.56594151123101
7,0.8,101.71428571428571,289.03924646781786,17.001154268690637
7,0.78,102.78823529411764,232.56692041522496,15.250144930958031
7,0.83,102.89247311827957,191.17123366863217,13.826468589941257
7,0.75,99.53333333333333,222.36,14.911740341086952
7,0.83,103.13333333333334,264.7822222222222,16.27213023000437
7,0.74,102.41666666666667,229.33829365079367,15.143919362265294
7,0.79,99.92391304347827,417.4616020793952,20.43187710611522
7,0.78,99.93258426966293,425.23141017548295,20.62113988545451
7,0.77,101.84444444444445,236.95358024691353,15.39329660101804
7,0.83,103.0,245.82222222222222,15.678718768516202
7,0.8,102.91011235955057,200.21663931321802,14.149792907078817
7,0.78,101.66666666666667,242.8444444444445,15.583467022599448
7,0.69,99.69411764705882,317.17702422145334,17.809464456334823
7,0.83,103.89887640449439,186.67516727685899,13.662912108216863
7,0.81,102.27472527472527,234.79265789155897,15.322945470488335
7,0.82,100.47368421052632,371.21772853185587,19.267011406335335
7,0.76,100.7840909090909,302.05565599173553,17.37974844443197
7,0.73,100.0561797752809,285.71594495644496,16.903134175544043
7,0.78,102.97701149425288,181.7925749768793,13.483047688741566
7,0.76,100.47126436781609,388.63997886114436,19.713953912423158
7,0.83,102.8021978021978,254.00483033450067,15.937528990859928
7,0.77,100.54651162790698,414.2943482963764,20.354221878921738
7,0.82,98.0625,366.4544270833333,19.142999427554013
7,0.74,98.47191011235955,479.5525817447292,21.89868904169218
7,0.68,101.50617283950618,228.54625819234874,15.117746465407757
7,0.89,103.20212765957447,289.07616568583074,17.002240019651257
7,0.75,100.07954545454545,348.7550361570248,18.67498423445184
7,0.68,98.68539325842697,303.1369776543366,17.410829321268317
8,0.82,875.6947368421053,11770.54891966759,108.49216063692155
8,0.75,850.7263157894737,21020.38825484765,144.9840965583731
8,0.83,878.1935483870968,6836.586194935831,82.6836513159393
8,0.85,853.0824742268042,27561.7045382081,166.01718145483648
8,0.73,848.0217391304348,18160.477788279775,134.76081696205236
8,0.76,822.1489361702128,40574.06292440018,201.43004474109662
8,0.74,861.5666666666667,14783.69,121.58819844047366
8,0.84,869.34375,18235.933919270832,135.0404899253214
8,0.76,853.8461538461538,16735.756551141167,129.36675210865104
8,0.78,845.8775510204082,22026.760516451483,148.4141520086662
8,0.8,857.2872340425532,18321.4174966048,135.3566307818158
8,0.87,881.7916666666666,6192.789930555555,78.69428143490195
8,0.72,844.421052631579,17579.506925207756,132.58773293637597
8,0.75,848.4673913043479,20160.227197542532,141.98671486284388
8,0.83,869.3571428571429,12945.107142857143,113.77656675632792
8,0.84,861.7525773195877,13963.629503666702,118.16780231377201
8,0.81,834.8229166666666,31878.083224826387,178.54434526141227
8,0.75,832.8947368421053,33936.83102493075,184.21951857751324
8,0.83,867.21875,15301.837565104166,123.70059646220048
8,0.75,821.4526315789474,35447.089861495835,188.27397552900356
8,0.8,872.71875,10059.8271484375,100.29868966460877
8,0.81,830.0204081632653,35430.16284881299,188.22901702132165
8,0.79,858.5578947368421,15472.751911357343,124.38951688690388
8,0.81,861.319587628866,18365.619513232014,135.51981225352998
8,0.75,848.945652173913,25047.247046313794,158.26322076311286
8,0.87,869.765306122449,12523.526551436904,111.90856335167967
8,0.74,848.8617021276596,23958.693639655954,154.78596073176647
8,0.79,854.8762886597938,15960.335210968222,126.33422026896838
8,0.82,869.2826086956521,14903.746219281658,122.08090030500946
8,0.8,851.978947368421,20930.02060941829,144.67211413889785
8,0.83,853.8210526315789,24169.283767313023,155.46473480282603
8,0.8,842.3367346938776,26697.468242399005,163.3935991475768
8,0.83,853.2371134020618,24038.51078754384,155.04357705994738
8,0.82,851.7676767676768,24531.77430874401,156.62622484355552
8,0.86,889.2446808510638,4167.163535536441,64.55357105177404
8,0.77,835.8367346938776,24637.11620158267,156.9621489454788
8,0.73,826.2210526315789,31937.75113573408,178.71136263744978
8,0.82,866.1368421052632,17902.328642659282,133.79958386579264
8,0.78,834.9895833333334,25721.11447482639,160.3780361359572
8,0.85,858.7142857142857,16044.489795918367,126.66684568551618
8,0.8,869.4516129032259,9427.086368366285,97.09318394391177
8,0.84,858.0212765957447,23165.893164327743,152.20345976464446
8,0.79,848.5208333333334,17929.728732638887,133.90193700107136
8,0.71,839.0631578947368,21418.627590027692,146.35104232641356
8,0.76,834.8229166666666,28927.458224826387,170.08074031126037
8,0.82,872.6129032258065,11214.667360388483,105.89932653415924
8,0.74,820.1368421052632,40653.86548476454,201.62803744708853
8,0.8,847.2291666666666,28311.19748263889,168.25931618379676
8,0.71,838.0681818181819,29680.81353305785,172.28120481659585
8,0.76,841.6979166666666,23769.18999565972,154.1725980700193
8,0.8,836.47,27380.249099999994,165.46978304210106
8,0.78,855.9042553191489,20132.214237211414,141.8880341579635
8,0.78,855.4301075268817,20470.030061278765,143.07351278723385
8,0.8,872.5851063829788,9311.923607967403,96.49830883475317
8,0.71,857.2197802197802,17572.940707644004,132.5629688398838
8,0.84,880.1505376344086,7049.461209388367,83.96106960602853
8,0.79,864.3510638297872,16070.291647804435,126.76865404272634
8,0.81,850.3404255319149,30542.607514712545,174.7644343529671
8,0.77,844.8888888888889,18953.29068462402,137.6709507653086
8,0.8,856.3118279569892,19809.52641923922,140.74631938078957
8,0.79,851.5108695652174,30111.815099243853,173.5275629381219
8,0.74,837.1413043478261,34656.29525047259,186.16201344654766
8,0.82,864.8279569892474,12707.30373453579,112.72667712008453
8,0.85,852.6224489795918,21063.54112869638,145.13283959427093
8,0.79,873.2234042553191,9396.407537347219,96.93506866633571
8,0.82,871.8947368421053,10273.567867036007,101.35861022644305
8,0.82,856.9247311827957,19791.854549658914,140.68352621987734
8,0.82,835.1546391752578,34254.563715591445,185.07988468656296
8,0.83,857.7422680412371,18342.15006908279,135.43319411829137
8,0.76,809.9052631578948,44613.39102493076,211.2188226104169
8,0.81,853.6736842105263,26412.156675900285,162.51817337116574
8,0.77,850.0967741935484,23098.022892819983,151.98033719142745
8,0.8,842.2121212121212,25283.86409550046,159.00900633454842
8,0.8,869.3297872340426,14749.98698506111,121.44952443324391
8,0.83,841.8888888888889,31230.38159371493,176.7211973525387
8,0.72,844.7608695652174,26537.377599243853,162.90296989080295
8,0.74,861.3804347826087,20837.67048676749,144.35259085574975
8,0.77,842.5,24496.25,156.5127790309788
8,0.73,853.5268817204301,18774.05572898601,137.01845032325394
8,0.79,849.40625,20765.3662109375,144.10192993481212
8,0.9,882.2061855670103,10275.462642151131,101.36795668331848
8,0.72,817.9166666666666,48227.222222222226,219.6069721621384
8,0.79,860.7755102040817,16145.908788005001,127.06655259353266
8,0.71,827.1894736842105,30860.406204986157,175.671301597575
8,0.74,830.6021505376344,35154.777199676275,187.49607249133587
8,0.82,858.0537634408602,18964.13689443866,137.7103369193419
8,0.78,851.9230769230769,26962.071005917154,164.20131243664636
8,0.74,837.578947368421,29007.612188365645,170.31621234740294
8,0.76,840.9368421052632,27107.932853185597,164.64486889419177
8,0.75,830.0927835051547,30551.713040705705,174.7904832669837
8,0.85,879.7446808510638,10718.53055681304,103.53033640828683
8,0.73,819.8556701030927,38773.463704963324,196.90978570137983
8,0.76,846.8085106382979,23447.58035310095,153.12602768014636
8,0.85,863.7575757575758,12931.799816345272,113.71807163483416
8,0.77,839.0947368421052,24876.359445983388,157.72241263049264
8,0.88,892.6875,2034.3815104166667,45.10411855270721
8,0.76,869.8064516129032,10313.790496011101,101.55683382230416
8,0.77,845.1855670103092,21540.62535869912,146.7672489307445
8,0.78,858.563829787234,16545.331032141246,128.62865556376326
8,0.75,838.2043010752689,24516.979766446995,156.57898890479206
10,0.73,297.69135802469134,1301.7442463039172,36.0796929907104
10,0.76,301.17857142857144,753.0276360544218,27.441349020309147
10,0.75,301.0487804878049,860.2415229030338,29.32987423946843
10,0.84,306.3837209302326,291.1202001081666,17.062244873057196
10,0.8,303.51162790697674,466.13358572201196,21.59012704274831
10,0.82,303.2068965517241,666.2560443915972,25.811936083750037
10,0.77,304.25,706.1375,26.573247825585792
10,0.75,305.2435897435897,441.645792241946,21.015370380793815
10,0.78,300.48809523809524,1150.8450963718826,33.92410789353027
10,0.76,300.3855421686747,1094.6706343446074,33.08580714361685
10,0.82,303.07954545454544,664.70958161157,25.78196233050483
10,0.8,298.03333333333336,1268.4544444444448,35.615368093625605
10,0.81,299.53932584269666,1305.484408534276,36.13148777083883
10,0.78,302.64285714285717,608.8010204081634,24.673893499165537
10,0.83,301.28735632183907,1549.2852424362534,39.360960893202964
10,0.72,301.65384615384613,802.431459566075,28.32722117621273
10,0.85,303.0681818181818,1102.9271694214876,33.21034732461387
10,0.72,300.93506493506493,965.3853938269524,31.07065164792899
10,0.76,302.3780487804878,650.0643961927424,25.496360449929757
10,0.81,299.7977528089888,1243.1725792197956,35.25865254401812
10,0.76,299.5903614457831,1075.856292640441,32.80024836248106
10,0.86,305.1777777777778,363.3906172839506,19.06280717218612
10,0.83,304.48275862068965,456.5945303210464,21.368072686160687
10,0.73,299.775,1037.224375,32.20596800284071
10,0.81,301.8965517241379,910.184700753072,30.16926748784385
10,0.85,304.02272727272725,724.0222107438017,26.90766081887836
10,0.8,307.5731707317073,83.63488994646046,9.145211312291284
10,0.68,295.90909090909093,1652.5761511216053,40.651889883763154
10,0.79,302.04819277108436,1073.8049063724777,32.768962546477994
10,0.73,301.73417721518985,689.207819259734,26.252767839977064
10,0.69,290.8987341772152,2913.204935106555,53.97411356480581
10,0.76,302.719512195122,555.2262046400951,23.563238415805564
10,0.76,307.2564102564103,115.52399737015129,10.748209030817707
10,0.79,307.2716049382716,136.00030483158056,11.661916859229471
10,0.75,308.25,42.1875,6.49519052838329
10,0.84,304.25555555555553,358.59024691358013,18.936479263938693
10,0.77,303.4634146341463,586.7608566329565,24.223147124867083
10,0.8,302.29761904761904,946.0185657596373,30.75741480943477
10,0.71,293.9875,2113.73734375,45.975399332142835
10,0.8,304.6904761904762,392.11848072562344,19.801981737331833
10,0.75,300.67088607594934,1561.8663675692994,39.52045505265975
10,0.78,304.4024390243902,452.16731112433075,21.264226088064685
10,0.75,297.5975609756098,1609.825847709697,40.12263510426125
10,0.67,295.45454545454544,1445.364817001181,38.0179538770984
10,0.78,296.6551724137931,1604.8006341656762,40.059962982579954
10,0.82,300.30337078651684,1067.6045953793714,32.67421912424796
10,0.78,303.2738095238095,522.3416950113381,22.85479588645101
10,0.74,305.68831168831167,314.26648675999326,17.727562910902144
10,0.81,298.8863636363636,1421.987086776859,37.70924404939536
10,0.84,303.6136363636364,775.100723140496,27.840630796382758
10,0.77,305.2625,393.06859375000005,19.825957574604057
10,0.82,304.4418604651163,492.781503515414,22.198682472512058
10,0.79,305.2289156626506,300.89940484830885,17.346452226559435
10,0.74,298.2530120481928,1206.5986355058787,34.736128677586954
10,0.68,296.55696202531647,1318.8543502643804,36.31603434110586
10,0.74,297.34939759036143,1264.5887646973435,35.5610568557424
10,0.78,304.5421686746988,394.3205109595007,19.857505154462398
10,0.85,307.7816091954023,63.45805258290398,7.966056275404034
10,0.79,301.1058823529412,1184.4240830449826,34.41546284804234
10,0.84,302.7977528089888,744.8130286579976,27.291262863011628
10,0.77,301.98765432098764,1051.8640451150738,32.43245357840004
10,0.77,303.8705882352941,277.6656055363321,16.66330115962417
10,0.78,307.65,75.9775,8.716507328052906
10,0.72,305.36,370.8170666666667,19.256610986013783
10,0.78,306.641975308642,159.4397195549459,12.626944189111866
10,0.75,299.8192771084337,1000.0275802003193,31.623212679933697
10,0.82,306.07142857142856,504.01870748299353,22.450360965538916
10,0.76,302.280487804878,641.9823022010708,25.337369678028356
10,0.76,302.0243902439024,714.9262343842952,26.738104539856508
10,0.82,301.8863636363636,760.8961776859505,27.58434660610888
10,0.76,303.9113924050633,702.8655664156382,26.511611916585498
10,0.85,301.22222222222223,1141.5950617283952,33.787498601234084
10,0.76,306.50632911392404,180.07274475244367,13.41911862800399
10,0.73,300.2125,887.0923437500002,29.78409548316014
10,0.76,300.57142857142856,839.2925170068027,28.97054568016976
10,0.78,301.6190476190476,939.4263038548752,30.65006205303466
10,0.73,299.9756097560976,909.7067221891733,30.161344833895807
10,0.8,297.6818181818182,1418.8987603305782,37.668272595522325
10,0.82,302.1136363636364,774.6007231404957,27.831649666171348
10,0.82,306.2352941176471,236.32110726643594,15.372739094463158
10,0.77,300.5542168674699,1066.5844099288724,32.65860391885839
10,0.76,303.5609756097561,431.5389649018442,20.773515949444963
10,0.82,304.5287356321839,386.6629673668912,19.66374754127227
10,0.78,306.6463414634146,109.86273051754912,10.481542373026459
10,0.89,305.64130434782606,498.05612003780703,22.317170968512272
10,0.73,293.9390243902439,2219.057257584771,47.106870598510056
10,0.82,300.82022471910113,994.6418381517484,31.537942833224687
10,0.84,303.52272727272725,747.9313016528926,27.348332703345786
10,0.75,302.4634146341463,490.1023200475907,22.13825467482906
10,0.72,302.05263157894734,900.0235457063715,30.00039242587289
10,0.75,299.0121951219512,1157.5730220107082,34.02312481255518
10,0.84,301.0444444444444,1069.4646913580248,32.702671012595054
10,0.81,303.20454545454544,461.41270661157034,21.480519235148165
10,0.84,304.40449438202245,363.61166519378867,19.068604175287415
10,0.76,302.5308641975309,852.8416399939034,29.20345253551202
10,0.82,301.82758620689657,1131.4760206103842,33.63741994580417
10,0.79,301.42857142857144,930.9115646258506,30.51084339420742
10,0.72,293.4470588235294,1663.3295501730104,40.783937403995346
10,0.74,301.0365853658537,651.7913444378346,25.53020455142956
10,0.78,298.28735632183907,1392.8024838155638,37.32026907480121
15,0.75,1423.712643678161,10450.82547232131,102.22927893867447
15,0.77,1404.3626373626373,18998.824538099263,137.83622360649346
15,0.81,1418.9239130434783,15927.548558601133,126.20439199410269
15,0.72,1406.8636363636363,18841.16322314049,137.26311676171605
15,0.79,1414.5274725274726,19051.172322183313,138.02598422827245
15,0.84,1426.0,13709.538461538461,117.08773830567597
15,0.78,1418.0777777777778,14718.116172839505,121.31824336364052
15,0.78,1420.3263157894737,10914.619833795012,104.47305793263166
15,0.73,1439.3647058823528,1845.2669896193772,42.956570971381986
15,0.85,1397.1649484536083,26314.48825592519,162.2174104586964
15,0.76,1421.8735632183907,12412.156427533355,111.40985785617606
15,0.82,1427.5652173913043,8597.78922495274,92.72426448860482
15,0.68,1387.8720930232557,29183.55340724718,170.8319449261384
15,0.84,1410.9896907216496,19137.824635986828,138.3395266580988
15,0.77,1392.445652173913,22432.48617674858,149.7747848496154
15,0.82,1434.7608695652175,3215.5949905482057,56.70621650708329
15,0.87,1434.1770833333333,6786.999891493056,82.38325006633967
15,0.7,1409.9166666666667,22216.43353174603,149.05178137729865
15,0.81,1431.1264367816093,8762.823094200032,93.60995189722101
15,0.79,1439.2954545454545,4496.526342975206,67.05614321578005
15,0.69,1405.8641975308642,20485.15439719555,143.12635814969775
15,0.77,1423.0581395348838,14006.938480259601,118.35091246061266
15,0.81,1424.0978260869565,10313.957821361057,101.5576576204919
15,0.83,1429.9565217391305,11369.911153119092,106.62978548754138
15,0.75,1405.5760869565217,15799.78768903592,125.69720636925834
15,0.83,1432.9021739130435,7886.436082230623,88.80560839401204
15,0.76,1415.7272727272727,12745.971074380166,112.89805611426694
15,0.72,1405.2637362637363,15273.161212413963,123.584631780873
15,0.74,1413.764705882353,16027.80346020761,126.60096152955398
15,0.74,1427.6666666666667,5397.946360153256,73.47071770544545
15,0.72,1402.3863636363637,17274.782541322315,131.43356702654887
15,0.77,1411.2747252747254,20274.22122932013,142.387573998998
15,0.8,1431.0449438202247,10303.997980053025,101.50861037396298
15,0.76,1411.5652173913043,11852.702268431001,108.87011650784159
15,0.79,1415.6781609195402,23319.988373629272,152.70883528345462
15,0.69,1393.7857142857142,29901.596938775503,172.9207822639474
15,0.81,1418.1573033707866,9208.55952531246,95.9612397028741
15,0.84,1436.2307692307693,3716.880811496196,60.96622681039229
15,0.72,1411.8850574712644,18819.733914651864,137.1850353159989
15,0.82,1408.9,15244.430000000002,123.46833602183195
15,0.81,1421.4831460674156,16886.182300214623,129.94684413334025
15,0.74,1402.2613636363637,19051.465779958682,138.02704727682428
15,0.78,1405.1720430107528,19633.604809804598,140.11996577863056
15,0.88,1440.8369565217392,2298.679938563327,47.9445506659863
15,0.82,1416.1208791208792,22593.512860765608,150.31138633106144
15,0.72,1414.561797752809,10243.931574296173,101.21230940106136
15,0.89,1417.0729166666667,13909.00509982639,117.93644517207728
15,0.8,1412.0104166666667,18078.447808159723,134.4561185225861
15,0.73,1393.551724137931,19490.891002774475,139.60978118589856
15,0.82,1439.3870967741937,3544.1297259798826,59.53259381196054
15,0.78,1429.5057471264367,11869.606288809615,108.94772273347256
15,0.82,1428.554347826087,10127.29052457467,100.63444005197559
15,0.78,1410.6063829787233,14142.579108193759,118.9225761081291
15,0.71,1401.4,22003.5105882353,148.335803460376
15,0.81,1436.8620689655172,10195.199365834325,100.97127990589367
15,0.76,1409.8588235294117,21052.403598615914,145.0944643968746
15,0.75,1415.046511627907,13042.34667387777,114.20309397681733
15,0.77,1427.551724137931,10918.753071739997,104.49283741836086
15,0.72,1412.159090909091,12569.179235537193,112.11235095000548
15,0.75,1422.642857142857,9818.80102040816,99.08986335850989
15,0.78,1401.8695652173913,19681.069943289225,140.28923673357562
15,0.78,1435.8117647058823,9257.541038062283,96.21611631146979
15,0.78,1420.4333333333334,9122.37888888889,95.51114536476301
15,0.83,1430.5384615384614,10491.896872358411,102.42996081400408
15,0.85,1441.5444444444445,4744.448024691357,68.87995372161161
15,0.76,1407.7865168539327,16161.471278878927,127.12777540285572
15,0.7,1401.0588235294117,24086.173010380626,155.19720683820512
15,0.74,1428.7471264367816,6589.821112432288,81.17771315103849
15,0.75,1429.887640449438,6089.875015780836,78.03765127027361
15,0.77,1387.7021276595744,32780.86871887732,181.0548776445344
15,0.88,1441.774193548387,3129.7016996184516,55.94373691145821
15,0.79,1403.2272727272727,31376.85743801653,177.13513891381498
15,0.87,1439.4526315789474,4708.268808864266,68.616825989434
15,0.8,1423.5955056179776,12494.128519126374,111.77713773006703
15,0.71,1402.8863636363637,16966.214359504134,130.2544216504919
15,0.8,1426.1648351648353,13409.698104093712,115.80025088096187
15,0.82,1419.010989010989,12848.758120999879,113.35236266174552
15,0.78,1390.7032967032967,33209.54932979109,182.2348740768108
15,0.7,1387.411111111111,18867.99765432099,137.36083013115854
15,0.76,1424.4333333333334,7797.401111111112,88.30289412647306
15,0.79,1409.340425531915,17094.224535989135,130.74488340271344
15,0.74,1417.7469879518073,14391.345623457692,119.96393467812604
15,0.82,1432.8478260869565,8528.846408317579,92.3517536829571
15,0.76,1435.6265060240964,7123.173755262012,84.39889664718379
15,0.69,1396.712643678161,21428.59558726385,146.38509345990067
15,0.76,1420.5934065934066,10825.186330153367,104.04415567514287
15,0.79,1420.5054945054944,12744.447772008209,112.8913095504176
15,0.78,1430.3103448275863,8590.834720570747,92.68675590703748
15,0.76,1421.1011235955057,7425.93359424315,86.17385679104278
15,0.76,1417.876404494382,8881.142027521779,94.23981126637393
15,0.8,1411.8709677419354,12542.671522719393,111.99406914082277
15,0.75,1416.5977011494253,18997.022063680804,137.82968498723633
15,0.78,1426.2111111111112,8638.29987654321,92.9424546509463
15,0.82,1413.0531914893618,16444.795043005885,128.23726074353695
15,0.72,1404.7045454545455,19222.50361570248,138.64524375434766
15,0.84,1431.3555555555556,9050.940246913578,95.13642965191399
15,0.72,1388.2826086956522,25529.920132325144,159.78085033046088
15,0.83,1431.9347826086957,8515.278355387523,92.2782658884936
15,0.79,1431.978021978022,5611.4280883951205,74.90946594653522
15,0.71,1396.5697674418604,23535.640481341266,153.41329955822366
24,0.68,12979359.69047619,1968680814830.166,1403096.8658044126
24,0.84,13211600.01098901,331352386499.6373,575632.1624958401
24,0.75,13177066.873563219,630686780460.846,794157.9065027597
24,0.79,13005592.139784947,1267546674552.335,1125853.7536253699
24,0.76,12945658.659090908,1380647853995.4065,1175009.725064183
24,0.75,13138764.860465117,1246626734218.6318,1116524.3992939123
24,0.75,13030923.91111111,1241044221877.992,1114021.6433615605
24,0.77,13182236.38372093,1024994655124.7947,1012420.1969166729
24,0.84,13345394.391304348,476693305394.4555,690429.7975858628
24,0.85,13251628.06521739,923853679212.6046,961173.0745358011
24,0.82,13028655.670103094,1443230441267.4993,1201345.2631394104
24,0.82,13108630.340425532,1396794858547.0544,1181860.7610658095
24,0.82,13186529.967741935,866354129463.537,930781.4617102862
24,0.01,13174307.147727273,531643123515.8759,729138.617490444
24,0.73,13086372.917647058,898475881740.6869,947879.6768264878
24,0.28,13008833.709302325,1330309916690.8342,1153390.6175666742
24,0.76,13404737.105882352,219170861772.11816,468156.87730943155
24,0.82,13159654.164835164,458198982063.0387,676903.9681247545
24,0.76,13183765.35632184,591090797866.4365,768824.2958351645
24,0.77,13116896.877777778,1324008033670.7961,1150655.4800072853
24,0.8,13065970.957894737,1090971867120.4615,1044495.9871251117
24,0.81,13144057.307692308,450687156489.5976,671332.3740812725
24,0.74,13160937.879120879,614085211075.8865,783635.8919012621
24,0.67,13216991.853658536,604794063294.3932,777685.0669097312
24,0.79,12895467.903225806,1358004876524.0657,1165334.6628861881
24,0.74,12947240.516483517,1166546143785.0627,1080067.65704055
24,0.77,13201299.211764706,755097523592.6613,868963.4765585152
24,0.74,12936130.361702127,1795816878243.1238,1340080.9222741453
24,0.72,13117156.11764706,1029957404662.5509,1014868.1710757072
24,0.78,13069842.56043956,882248050536.598,939280.6026617382
24,0.75,13134663.011235954,888154082949.1796,942419.2713167423
24,0.81,13147670.912087912,815406292209.047,902998.5006682165
24,0.76,12933535.568181818,1548060098028.5632,1244210.6325010099
24,0.82,13159776.47826087,632380899313.1843,795223.804543843
24,0.81,13138600.662921349,816308411375.0773,903497.8756892997
24,0.74,13013642.024096385,1957714898581.0361,1399183.6543431445
24,0.77,13134727.131868131,1174289820856.3123,1083646.5387091457
24,0.74,13060353.529411765,1610230646640.79,1268948.638298962
24,0.71,13075760.238636363,1322025567357.3635,1149793.7064349256
24,0.01,12895909.548780488,1538763829228.5156,1240469.1972106828
24,0.82,13214087.677419355,391849738971.6163,625979.0243862938
24,0.07,12879138.57142857,1460274972757.3643,1208418.3765390876
24,0.84,13137183.821052631,882613228732.6732,939474.9750433341
24,0.78,13290345.402298851,413689032355.1599,643186.6232713177
24,0.77,13104419.633333333,994465712704.743,997229.0171794757
24,0.85,13214519.505376345,1182908413576.1853,1087615.931097088
24,0.76,13035034.0,1132301328986.4565,1064096.484810685
24,0.73,13063649.860465117,1035383420012.6785,1017537.9206755287
24,0.86,13287263.946236558,549253695233.3198,741116.519336413
24,0.73,13072133.470588235,861312492197.8256,928069.2281278513
24,0.82,13122611.626373626,1463586214290.0583,1209787.6732261982
24,0.72,13016635.895348838,1744514834149.6287,1320800.83061362
24,0.71,13015747.091954023,1480873447434.658,1216911.4377943277
24,0.83,13300376.622222222,507687079321.3906,712521.6342830515
24,0.07,13071048.387096774,977727115432.3019,988800.8472044823
24,0.8,13162351.6,863461494319.2844,929226.2880048564
24,0.78,13151845.11235955,844836559999.875,919149.9116030394
24,0.69,12892726.682352941,2089595875533.1343,1445543.4533534902
24,0.74,13159121.909090908,631998235631.6282,794983.1668857072
24,0.7,13096743.744186046,626393383133.3999,791450.1772906492
24,0.76,13051189.163043479,1514731606312.137,1230744.3301970304
24,0.78,13233447.922222223,658995311098.094,811785.2616906111
24,0.85,13358391.869565217,359651243494.309,599709.299156107
24,0.75,13059839.258426966,1556765978043.9443,1247704.2830911274
24,0.77,13268138.011904761,533828018545.8452,730635.3526526383
24,0.76,13160023.4,875540063598.8622,935702.9782996643
24,0.74,12910097.393258426,2179250687435.9238,1476228.5349619563
24,0.77,13140825.08888889,1240541521879.192,1113795.996526829
24,0.75,12874892.235955056,1298136593680.5176,1139357.974334896
24,0.82,13222683.806451613,653536917809.5756,808416.3022908281
24,0.78,13189925.546511628,733356117627.8527,856362.1416362664
24,0.73,13046132.942528736,848136442526.5598,920943.2352357879
24,0.68,12958081.42682927,1694803799318.1465,1301846.3040306051
24,0.8,13137279.233333332,1317354484231.9343,1147760.6389103672
24,0.76,12891637.966292135,1271863409732.0103,1127769.218294244
24,0.82,13077962.10638298,1065015577294.0529,1031995.9192235465
24,0.79,13334826.662790697,122605563137.52586,350150.7720076108
24,0.8,13259031.736263737,569661320745.9746,754759.1143841686
24,0.78,13010302.23655914,1708152130187.9443,1306962.9413980888
24,0.78,13145018.31521739,721201363671.7595,849235.7527046065
24,0.82,13316285.011235954,1009306312612.0562,1004642.3804578703
24,0.82,13213493.72826087,772871747791.1979,879131.2460555579
24,0.74,12948896.872093024,1633758781815.9258,1278185.7383870021
24,0.79,13274272.325842697,416281695053.50055,645198.9577281573
24,0.73,13134325.045977011,963282446162.7565,981469.5339962196
24,0.8,13338056.837209303,274549055052.55487,523974.2885414845
24,0.78,13099522.441860465,1022337442243.0607,1011107.0379752386
24,0.72,12849370.10989011,1748666741015.9004,1322371.6349861338
24,0.01,13197436.27173913,501455034918.2847,708134.8988139794
24,0.77,13106670.150537634,719997510188.8591,848526.670287304
24,0.75,13143205.402298851,987534582326.3782,993747.7458220362
24,0.79,13305276.24137931,671233090967.5624,819288.1611298692
24,0.78,12936206.387096774,1863556412967.549,1365121.391293664
24,0.73,13085586.593023255,1369639155629.2878,1170315.8358448748
24,0.72,12880735.103448275,2426536626402.6455,1557734.453108952
24,0.79,13123387.221052632,1199168841438.4036,1095065.6790523587
24,0.77,13161376.522727273,1372662653943.113,1171606.8683407046
24,0.77,13110717.777777778,712458092923.195,844072.326831768
24,0.75,13145352.082352942,305524883729.1344,552743.0539854249
24,0.73,13067144.197802197,1061700756946.1584,1030388.6436418826
